identifier,name,url_key,is_active,country,postcode,street,city,region_code,phone,email,fax,lat,lng,store_ids,hours,description,meta_title,meta_keywords,meta_description
store-sydney-cbd,Sydney CBD Store,sydney-cbd-store,1,AU,2000,123 George Street,Sydney,NSW,+61 2 9000 0001,sydney@example.com,+61 2 9000 0002,-33.8688,151.2093,0,"{""monday"":""09:00 AM to 05:30 PM"",""tuesday"":""09:00 AM to 05:30 PM"",""wednesday"":""09:00 AM to 05:30 PM"",""thursday"":""09:00 AM to 09:00 PM"",""friday"":""09:00 AM to 05:30 PM"",""saturday"":""10:00 AM to 04:00 PM"",""sunday"":""Closed""}",Welcome to our Sydney CBD store,Sydney CBD Store,sydney store cbd,Visit our Sydney CBD location
store-melbourne-cbd,Melbourne CBD Store,melbourne-cbd-store,1,AU,3000,456 Collins Street,Melbourne,VIC,+61 3 9000 0001,melbourne@example.com,,-37.8136,144.9631,"0,1","{""monday"":""09:00 AM to 05:30 PM"",""tuesday"":""09:00 AM to 05:30 PM"",""wednesday"":""09:00 AM to 05:30 PM"",""thursday"":""09:00 AM to 09:00 PM"",""friday"":""09:00 AM to 05:30 PM"",""saturday"":""10:00 AM to 04:00 PM"",""sunday"":""Closed""}",Welcome to our Melbourne CBD store,Melbourne CBD Store,melbourne store cbd,Visit our Melbourne CBD location